1000,PLS
1007,PLS
1009,PLS
1500,PLS
1502,PLS
1503,PLS
1504,PLS
1505,PLS
1506,PLS
1508,PLS
1512,PLS
1514,PLS
1516,PLS
1517,PLS
1518,PLS
1524,PLS
1529,PLS
1532,PLS
1538,PLS
1540,PLS
1546,PLS
1550,PLS
1551,PLS
1556,PLS
1560,PLS
1564,PLS
1570,PLS
1572,PLS
1576,PLS
1578,PLS
1582,PLS
1586,PLS
1590,PLS
1592,PLS
1594,PLS
1596,PLS
1598,PLS
1600,PLS
1604,PLS
1606,PLS
1608,PLS
1609,PLS
1610,PLS
1612,PLS
1614,PLS
1620,PLS
1622,PLS
1626,PLS
1628,PLS
1630,PLS
1632,PLS
1634,PLS
1644,PLS
1646,PLS
1648,PLS
1660,PLS
1664,PLS
1670,PLS
1672,PLS
1673,PLS
1674,PLS
1676,PLS
1680,PLS
1694,PLS
2000,PLS
2100,PLS
2200,PLS
2400,PLS
2450,PLS
2500,PLS
2600,PLS
2607,PLS
2609,PLS
2700,PLS
2707,PLS
2709,PLS
2800,PLS
5000,KDH
5050,KDH
5100,KDH
5150,KDH
5200,KDH
5250,KDH
5300,KDH
5350,KDH
5400,KDH
5460,KDH
5500,KDH
5502,KDH
5503,KDH
5504,KDH
5505,KDH
5506,KDH
5508,KDH
5512,KDH
5514,KDH
5516,KDH
5517,KDH
5518,KDH
5520,KDH
5532,KDH
5534,KDH
5536,KDH
5538,KDH
5550,KDH
5551,KDH
5552,KDH
5556,KDH
5558,KDH
5560,KDH
5564,KDH
5576,KDH
5578,KDH
5580,KDH
5582,KDH
5586,KDH
5590,KDH
5592,KDH
5594,KDH
5600,KDH
5604,KDH
5610,KDH
5612,KDH
5614,KDH
5620,KDH
5621,KDH
5622,KDH
5626,KDH
5628,KDH
5630,KDH
5632,KDH
5644,KDH
5660,KDH
5661,KDH
5664,KDH
5670,KDH
5672,KDH
5673,KDH
5674,KDH
5675,KDH
5676,KDH
5680,KDH
5690,KDH
5696,KDH
5700,KDH
5710,KDH
5720,KDH
5990,KDH
6000,KDH
6007,KDH
6009,KDH
6010,KDH
6050,KDH
6100,KDH
6150,KDH
6200,KDH
6207,KDH
6209,KDH
6250,KDH
6300,KDH
6350,KDH
6400,KDH
6500,KDH
6507,KDH
6509,KDH
6550,KDH
6570,KDH
6600,KDH
6650,KDH
6660,KDH
6700,KDH
6707,KDH
6709,KDH
6710,KDH
6720,KDH
6750,KDH
6760,KDH
6800,KDH
6900,KDH
6910,KDH
7000,KDH
7007,KDH
7009,KDH
8000,KDH
8007,KDH
8009,KDH
8010,KDH
8100,KDH
8110,KDH
8200,KDH
8210,KDH
8300,KDH
8320,KDH
8330,KDH
8340,KDH
8400,KDH
8407,KDH
8409,KDH
8500,KDH
8507,KDH
8509,KDH
8600,KDH
8700,KDH
8800,KDH
9000,KDH
9007,KDH
9009,KDH
9010,KDH
9020,KDH
9090,KDH
9100,KDH
9110,KDH
9120,KDH
9130,KDH
9200,KDH
9300,KDH
9310,KDH
9400,KDH
9410,KDH
9600,KDH
9700,KDH
9800,KDH
9810,KDH
10000,PNG
10050,PNG
10100,PNG
10150,PNG
10200,PNG
10250,PNG
10300,PNG
10350,PNG
10400,PNG
10450,PNG
10460,PNG
10470,PNG
10500,PNG
10502,PNG
10503,PNG
10504,PNG
10505,PNG
10506,PNG
10508,PNG
10512,PNG
10514,PNG
10516,PNG
10518,PNG
10524,PNG
10534,PNG
10538,PNG
10540,PNG
10542,PNG
10546,PNG
10550,PNG
10551,PNG
10552,PNG
10558,PNG
10560,PNG
10564,PNG
10566,PNG
10570,PNG
10576,PNG
10578,PNG
10582,PNG
10590,PNG
10592,PNG
10593,PNG
10594,PNG
10596,PNG
10600,PNG
10604,PNG
10609,PNG
10610,PNG
10612,PNG
10620,PNG
10622,PNG
10626,PNG
10628,PNG
10634,PNG
10646,PNG
10648,PNG
10660,PNG
10661,PNG
10662,PNG
10670,PNG
10672,PNG
10673,PNG
10674,PNG
10676,PNG
10690,PNG
10710,PNG
10720,PNG
10730,PNG
10740,PNG
10750,PNG
10760,PNG
10770,PNG
10780,PNG
10790,PNG
10800,PNG
10810,PNG
10820,PNG
10830,PNG
10840,PNG
10850,PNG
10910,PNG
10920,PNG
10990,PNG
11000,PNG
11010,PNG
11020,PNG
11050,PNG
11060,PNG
11100,PNG
11200,PNG
11300,PNG
11400,PNG
11409,PNG
11500,PNG
11600,PNG
11609,PNG
11700,PNG
11800,PNG
11900,PNG
11910,PNG
11920,PNG
11950,PNG
11960,PNG
12000,PNG
12100,PNG
12200,PNG
12300,PNG
12700,PNG
12710,PNG
12720,PNG
12990,PNG
13000,PNG
13009,PNG
13020,PNG
13050,PNG
13100,PNG
13110,PNG
13200,PNG
13210,PNG
13220,PNG
13300,PNG
13310,PNG
13400,PNG
13409,PNG
13500,PNG
13600,PNG
13700,PNG
13800,PNG
14000,PNG
14007,PNG
14009,PNG
14020,PNG
14100,PNG
14101,PNG
14110,PNG
14120,PNG
14200,PNG
14290,KDH
14300,PNG
14310,PNG
14320,PNG
14390,KDH
14400,PNG
15000,KTN
15050,KTN
15100,KTN
15150,KTN
15159,KTN
15200,KTN
15300,KTN
15350,KTN
15400,KTN
15500,KTN
15502,KTN
15503,KTN
15504,KTN
15505,KTN
15506,KTN
15508,KTN
15512,KTN
15514,KTN
15516,KTN
15517,KTN
15518,KTN
15519,KTN
15520,KTN
15524,KTN
15529,KTN
15532,KTN
15534,KTN
15536,KTN
15538,KTN
15540,KTN
15546,KTN
15548,KTN
15550,KTN
15551,KTN
15556,KTN
15558,KTN
15560,KTN
15564,KTN
15570,KTN
15572,KTN
15576,KTN
15578,KTN
15582,KTN
15586,KTN
15590,KTN
15592,KTN
15594,KTN
15596,KTN
15600,KTN
15604,KTN
15608,KTN
15609,KTN
15612,KTN
15614,KTN
15616,KTN
15622,KTN
15623,KTN
15626,KTN
15628,KTN
15630,KTN
15632,KTN
15634,KTN
15644,KTN
15646,KTN
15648,KTN
15658,KTN
15660,KTN
15661,KTN
15664,KTN
15670,KTN
15672,KTN
15673,KTN
15674,KTN
15676,KTN
15680,KTN
15690,KTN
15710,KTN
15720,KTN
15730,KTN
15740,KTN
15988,KTN
15990,KTN
16010,KTN
16020,KTN
16030,KTN
16040,KTN
16050,KTN
16060,KTN
16070,KTN
16080,KTN
16090,KTN
16100,KTN
16109,KTN
16150,KTN
16200,KTN
16210,KTN
16250,KTN
16300,KTN
16310,KTN
16320,KTN
16400,KTN
16450,KTN
16500,KTN
16600,KTN
16700,KTN
16800,KTN
16810,KTN
17000,KTN
17007,KTN
17009,KTN
17010,KTN
17020,KTN
17030,KTN
17040,KTN
17050,KTN
17060,KTN
17070,KTN
17200,KTN
17500,KTN
17507,KTN
17509,KTN
17510,KTN
17600,KTN
17610,KTN
17700,KTN
18000,KTN
18050,KTN
18200,KTN
18300,KTN
18400,KTN
18500,KTN
20000,TRG
20050,TRG
20100,TRG
20200,TRG
20300,TRG
20400,TRG
20500,TRG
20502,TRG
20503,TRG
20504,TRG
20505,TRG
20506,TRG
20508,TRG
20512,TRG
20514,TRG
20516,TRG
20517,TRG
20518,TRG
20519,TRG
20520,TRG
20532,TRG
20534,TRG
20536,TRG
20538,TRG
20540,TRG
20542,TRG
20546,TRG
20548,TRG
20550,TRG
20551,TRG
20552,TRG
20554,TRG
20556,TRG
20560,TRG
20564,TRG
20566,TRG
20568,TRG
20570,TRG
20572,TRG
20576,TRG
20578,TRG
20582,TRG
20586,TRG
20590,TRG
20592,TRG
20596,TRG
20600,TRG
20604,TRG
20606,TRG
20608,TRG
20609,TRG
20610,TRG
20612,TRG
20614,TRG
20618,TRG
20620,TRG
20622,TRG
20626,TRG
20628,TRG
20630,TRG
20632,TRG
20646,TRG
20648,TRG
20656,TRG
20658,TRG
20660,TRG
20661,TRG
20662,TRG
20664,TRG
20668,TRG
20670,TRG
20672,TRG
20673,TRG
20674,TRG
20676,TRG
20680,TRG
20690,TRG
20698,TRG
20700,TRG
20710,TRG
20720,TRG
20900,TRG
20902,TRG
20904,TRG
20906,TRG
20908,TRG
20910,TRG
20912,TRG
20914,TRG
20916,TRG
20918,TRG
20920,TRG
20922,TRG
20924,TRG
20926,TRG
20928,TRG
20930,TRG
20990,TRG
21000,TRG
21009,TRG
21010,TRG
21020,TRG
21030,TRG
21040,TRG
21060,TRG
21070,TRG
21080,TRG
21090,TRG
21100,TRG
21109,TRG
21200,TRG
21209,TRG
21210,TRG
21220,TRG
21300,TRG
21309,TRG
21400,TRG
21450,TRG
21500,TRG
21600,TRG
21610,TRG
21700,TRG
21800,TRG
21810,TRG
21820,TRG
22000,TRG
22010,TRG
22020,TRG
22100,TRG
22107,TRG
22109,TRG
22110,TRG
22120,TRG
22200,TRG
22300,TRG
22307,TRG
22309,TRG
23000,TRG
23007,TRG
23009,TRG
23050,TRG
23100,TRG
23200,TRG
23300,TRG
23400,TRG
24000,TRG
24007,TRG
24009,TRG
24050,TRG
24060,TRG
24100,TRG
24107,TRG
24109,TRG
24200,TRG
24207,TRG
24209,TRG
24300,TRG
25000,PHG
25050,PHG
25100,PHG
25150,PHG
25200,PHG
25250,PHG
25300,PHG
25350,PHG
25500,PHG
25502,PHG
25503,PHG
25504,PHG
25505,PHG
25506,PHG
25508,PHG
25509,PHG
25512,PHG
25514,PHG
25516,PHG
25517,PHG
25518,PHG
25520,PHG
25524,PHG
25529,PHG
25532,PHG
25534,PHG
25536,PHG
25538,PHG
25540,PHG
25546,PHG
25548,PHG
25550,PHG
25551,PHG
25552,PHG
25556,PHG
25558,PHG
25560,PHG
25564,PHG
25570,PHG
25576,PHG
25578,PHG
25582,PHG
25584,PHG
25586,PHG
25590,PHG
25592,PHG
25594,PHG
25596,PHG
25598,PHG
25600,PHG
25604,PHG
25606,PHG
25608,PHG
25609,PHG
25610,PHG
25612,PHG
25614,PHG
25620,PHG
25622,PHG
25626,PHG
25628,PHG
25630,PHG
25632,PHG
25644,PHG
25646,PHG
25648,PHG
25656,PHG
25660,PHG
25661,PHG
25662,PHG
25670,PHG
25672,PHG
25673,PHG
25674,PHG
25676,PHG
25690,PHG
25700,PHG
25710,PHG
25720,PHG
25730,PHG
25740,PHG
25750,PHG
25990,PHG
26010,PHG
26040,PHG
26050,PHG
26060,PHG
26070,PHG
26080,PHG
26090,PHG
26100,PHG
26140,PHG
26150,PHG
26180,PHG
26190,PHG
26200,PHG
26250,PHG
26300,PHG
26310,PHG
26320,PHG
26330,PHG
26340,PHG
26350,PHG
26360,PHG
26370,PHG
26400,PHG
26410,PHG
26420,PHG
26430,PHG
26440,PHG
26450,PHG
26460,PHG
26485,PHG
26490,PHG
26500,PHG
26600,PHG
26607,PHG
26609,PHG
26610,PHG
26620,PHG
26630,PHG
26640,PHG
26650,PHG
26660,PHG
26680,PHG
26690,PHG
26700,PHG
26800,PHG
26810,PHG
26820,PHG
26900,PHG
27000,PHG
27010,PHG
27020,PHG
27030,PHG
27040,PHG
27050,PHG
27060,PHG
27070,PHG
27090,PHG
27100,PHG
27150,PHG
27200,PHG
27207,PHG
27209,PHG
27210,PHG
27300,PHG
27310,PHG
27400,PHG
27500,PHG
27600,PHG
27607,PHG
27609,PHG
27610,PHG
27620,PHG
27630,PHG
27650,PHG
27660,PHG
27670,PHG
28000,PHG
28007,PHG
28009,PHG
28010,PHG
28020,PHG
28030,PHG
28040,PHG
28050,PHG
28100,PHG
28200,PHG
28300,PHG
28310,PHG
28320,PHG
28330,PHG
28340,PHG
28380,PHG
28400,PHG
28407,PHG
28409,PHG
28500,PHG
28600,PHG
28610,PHG
28620,PHG
28700,PHG
28707,PHG
28709,PHG
28730,PHG
28740,PHG
28750,PHG
28800,PHG
30000,PRK
30010,PRK
30020,PRK
30100,PRK
30200,PRK
30250,PRK
30300,PRK
30350,PRK
30450,PRK
30500,PRK
30502,PRK
30503,PRK
30504,PRK
30505,PRK
30506,PRK
30508,PRK
30510,PRK
30512,PRK
30516,PRK
30517,PRK
30518,PRK
30519,PRK
30520,PRK
30524,PRK
30532,PRK
30534,PRK
30536,PRK
30540,PRK
30542,PRK
30546,PRK
30548,PRK
30550,PRK
30551,PRK
30552,PRK
30554,PRK
30556,PRK
30560,PRK
30564,PRK
30570,PRK
30576,PRK
30580,PRK
30582,PRK
30586,PRK
30590,PRK
30592,PRK
30594,PRK
30596,PRK
30600,PRK
30604,PRK
30606,PRK
30609,PRK
30610,PRK
30612,PRK
30614,PRK
30620,PRK
30621,PRK
30622,PRK
30626,PRK
30628,PRK
30630,PRK
30632,PRK
30634,PRK
30644,PRK
30646,PRK
30648,PRK
30656,PRK
30658,PRK
30660,PRK
30661,PRK
30662,PRK
30664,PRK
30668,PRK
30670,PRK
30673,PRK
30674,PRK
30676,PRK
30682,PRK
30690,PRK
30700,PRK
30710,PRK
30720,PRK
30730,PRK
30740,PRK
30750,PRK
30760,PRK
30770,PRK
30780,PRK
30790,PRK
30800,PRK
30810,PRK
30820,PRK
30830,PRK
30840,PRK
30900,PRK
30902,PRK
30904,PRK
30906,PRK
30908,PRK
30910,PRK
30912,PRK
30988,PRK
30990,PRK
31000,PRK
31007,PRK
31009,PRK
31050,PRK
31100,PRK
31150,PRK
31200,PRK
31250,PRK
31300,PRK
31350,PRK
31400,PRK
31407,PRK
31409,PRK
31450,PRK
31500,PRK
31550,PRK
31560,PRK
31600,PRK
31610,PRK
31650,PRK
31700,PRK
31750,PRK
31800,PRK
31850,PRK
31900,PRK
31907,PRK
31909,PRK
31910,PRK
31920,PRK
31950,PRK
32000,PRK
32040,PRK
32100,PRK
32200,PRK
32300,PRK
32400,PRK
32500,PRK
32600,PRK
32610,PRK
32700,PRK
32800,PRK
32900,PRK
33000,PRK
33007,PRK
33009,PRK
33010,PRK
33020,PRK
33030,PRK
33040,PRK
33100,PRK
33200,PRK
33300,PRK
33310,PRK
33320,PRK
33400,PRK
33410,PRK
33420,PRK
33500,PRK
33600,PRK
33700,PRK
33800,PRK
34000,PRK
34007,PRK
34008,PRK
34009,PRK
34010,PRK
34020,PRK
34030,PRK
34100,PRK
34120,PRK
34130,PRK
34140,PRK
34200,PRK
34250,PRK
34300,PRK
34310,PRK
34350,PRK
34400,PRK
34500,PRK
34510,PRK
34520,PRK
34600,PRK
34650,PRK
34700,PRK
34750,PRK
34800,PRK
34850,PRK
34900,PRK
34950,KDH
35000,PRK
35007,PRK
35009,PRK
35300,PRK
35350,PRK
35400,PRK
35500,PRK
35600,PRK
35700,PRK
35800,PRK
35820,PRK
35900,PRK
35907,PRK
35909,PRK
35910,PRK
35950,PRK
36000,PRK
36007,PRK
36008,PRK
36009,PRK
36010,PRK
36020,PRK
36030,PRK
36100,PRK
36110,PRK
36200,PRK
36207,PRK
36209,PRK
36300,PRK
36307,PRK
36309,PRK
36400,PRK
36500,PRK
36600,PRK
36700,PRK
36750,PRK
36800,PRK
36810,PRK
39000,PHG
39007,PHG
39009,PHG
39010,PHG
39100,PHG
39200,PHG
40000,SGR
40100,SGR
40150,SGR
40160,SGR
40170,SGR
40200,SGR
40300,SGR
40400,SGR
40450,SGR
40460,SGR
40470,SGR
40500,SGR
40502,SGR
40503,SGR
40505,SGR
40512,SGR
40517,SGR
40520,SGR
40529,SGR
40542,SGR
40548,SGR
40550,SGR
40551,SGR
40560,SGR
40564,SGR
40570,SGR
40572,SGR
40576,SGR
40578,SGR
40582,SGR
40590,SGR
40592,SGR
40594,SGR
40596,SGR
40598,SGR
40604,SGR
40607,SGR
40608,SGR
40610,SGR
40612,SGR
40620,SGR
40622,SGR
40626,SGR
40632,SGR
40646,SGR
40648,SGR
40660,SGR
40664,SGR
40670,SGR
40672,SGR
40673,SGR
40674,SGR
40675,SGR
40676,SGR
40680,SGR
40690,SGR
40700,SGR
40702,SGR
40704,SGR
40706,SGR
40708,SGR
40710,SGR
40712,SGR
40714,SGR
40716,SGR
40718,SGR
40720,SGR
40722,SGR
40724,SGR
40726,SGR
40728,SGR
40730,SGR
40732,SGR
40800,SGR
40802,SGR
40804,SGR
40806,SGR
40808,SGR
40810,SGR
40990,SGR
41000,SGR
41050,SGR
41100,SGR
41150,SGR
41200,SGR
41250,SGR
41300,SGR
41400,SGR
41506,SGR
41560,SGR
41586,SGR
41672,SGR
41700,SGR
41710,SGR
41720,SGR
41900,SGR
41902,SGR
41904,SGR
41906,SGR
41908,SGR
41910,SGR
41912,SGR
41914,SGR
41916,SGR
41918,SGR
41990,SGR
42000,SGR
42009,SGR
42100,SGR
42200,SGR
42300,SGR
42425,SGR
42500,SGR
42507,SGR
42509,SGR
42600,SGR
42610,SGR
42700,SGR
42800,SGR
42920,SGR
42940,SGR
42960,SGR
43000,SGR
43007,SGR
43009,SGR
43100,SGR
43200,SGR
43207,SGR
43300,SGR
43400,SGR
43500,SGR
43558,SGR
43600,SGR
43650,SGR
43700,SGR
43800,SGR
43807,SGR
43900,SGR
43950,SGR
44000,SGR
44010,SGR
44020,SGR
44100,SGR
44110,SGR
44200,SGR
44300,SGR
45000,SGR
45100,SGR
45200,SGR
45207,SGR
45209,SGR
45300,SGR
45400,SGR
45500,SGR
45600,SGR
45607,SGR
45609,SGR
45620,SGR
45700,SGR
45800,SGR
46000,SGR
46050,SGR
46100,SGR
46150,SGR
46200,SGR
46300,SGR
46350,SGR
46400,SGR
46506,SGR
46547,SGR
46549,SGR
46551,SGR
46564,SGR
46582,SGR
46598,SGR
46662,SGR
46667,SGR
46668,SGR
46672,SGR
46675,SGR
46700,SGR
46710,SGR
46720,SGR
46730,SGR
46740,SGR
46750,SGR
46760,SGR
46770,SGR
46780,SGR
46781,SGR
46782,SGR
46783,SGR
46784,SGR
46785,SGR
46786,SGR
46787,SGR
46788,SGR
46789,SGR
46790,SGR
46791,SGR
46792,SGR
46793,SGR
46794,SGR
46795,SGR
46796,SGR
46797,SGR
46798,SGR
46799,SGR
46800,SGR
46801,SGR
46802,SGR
46803,SGR
46804,SGR
46805,SGR
46806,SGR
46860,SGR
46870,SGR
46960,SGR
46962,SGR
46964,SGR
46966,SGR
46968,SGR
46970,SGR
46972,SGR
46974,SGR
46976,SGR
46978,SGR
47000,SGR
47100,SGR
47110,SGR
47120,SGR
47130,SGR
47140,SGR
47150,SGR
47160,SGR
47170,SGR
47180,SGR
47190,SGR
47200,SGR
47300,SGR
47301,SGR
47307,SGR
47308,SGR
47400,SGR
47410,SGR
47500,SGR
47507,SGR
47600,SGR
47610,SGR
47620,SGR
47630,SGR
47640,SGR
47650,SGR
47800,SGR
47810,SGR
47820,SGR
47830,SGR
48000,SGR
48010,SGR
48020,SGR
48050,SGR
48100,SGR
48200,SGR
48300,SGR
49000,PHG
50000,KUL
50050,KUL
50088,KUL
50100,KUL
50150,KUL
50200,KUL
50250,KUL
50300,KUL
50350,KUL
50400,KUL
50450,KUL
50460,KUL
50470,KUL
50480,KUL
50490,KUL
50500,KUL
50502,KUL
50504,KUL
50505,KUL
50506,KUL
50507,KUL
50508,KUL
50512,KUL
50514,KUL
50515,KUL
50519,KUL
50528,KUL
50529,KUL
50530,KUL
50532,KUL
50534,KUL
50536,KUL
50540,KUL
50544,KUL
50546,KUL
50548,KUL
50550,KUL
50551,KUL
50552,KUL
50554,KUL
50556,KUL
50560,KUL
50562,KUL
50564,KUL
50566,KUL
50568,KUL
50572,KUL
50576,KUL
50578,KUL
50580,KUL
50582,KUL
50586,KUL
50588,KUL
50590,KUL
50592,KUL
50594,KUL
50596,KUL
50598,KUL
50599,KUL
50600,KUL
50603,KUL
50604,KUL
50605,KUL
50608,KUL
50609,KUL
50610,KUL
50612,KUL
50614,KUL
50620,KUL
50621,KUL
50622,KUL
50623,KUL
50626,KUL
50632,KUL
50634,KUL
50636,KUL
50638,KUL
50640,KUL
50642,KUL
50644,KUL
50646,KUL
50648,KUL
50650,KUL
50652,KUL
50653,KUL
50656,KUL
50658,KUL
50660,KUL
50661,KUL
50662,KUL
50664,KUL
50666,KUL
50668,KUL
50670,KUL
50672,KUL
50673,KUL
50676,KUL
50677,KUL
50678,KUL
50680,KUL
50682,KUL
50684,KUL
50688,KUL
50694,KUL
50700,KUL
50702,KUL
50704,KUL
50706,KUL
50708,KUL
50710,KUL
50712,KUL
50714,KUL
50716,KUL
50718,KUL
50720,KUL
50722,KUL
50724,KUL
50726,KUL
50728,KUL
50730,KUL
50732,KUL
50734,KUL
50736,KUL
50738,KUL
50740,KUL
50742,KUL
50744,KUL
50746,KUL
50748,KUL
50750,KUL
50752,KUL
50754,KUL
50758,KUL
50760,KUL
50762,KUL
50764,KUL
50766,KUL
50768,KUL
50770,KUL
50772,KUL
50774,KUL
50776,KUL
50778,KUL
50780,KUL
50782,KUL
50784,KUL
50786,KUL
50788,KUL
50790,KUL
50792,KUL
50794,KUL
50796,KUL
50798,KUL
50800,KUL
50802,KUL
50804,KUL
50806,KUL
50808,KUL
50810,KUL
50812,KUL
50814,KUL
50816,KUL
50818,KUL
50901,KUL
50902,KUL
50903,KUL
50904,KUL
50906,KUL
50907,KUL
50908,KUL
50909,KUL
50910,KUL
50911,KUL
50912,KUL
50913,KUL
50914,KUL
50915,KUL
50916,KUL
50917,KUL
50918,KUL
50919,KUL
50920,KUL
50921,KUL
50922,KUL
50923,KUL
50924,KUL
50925,KUL
50926,KUL
50927,KUL
50928,KUL
50929,KUL
50930,KUL
50931,KUL
50932,KUL
50933,KUL
50934,KUL
50935,KUL
50936,KUL
50937,KUL
50938,KUL
50939,KUL
50940,KUL
50941,KUL
50942,KUL
50943,KUL
50944,KUL
50945,KUL
50946,KUL
50947,KUL
50948,KUL
50949,KUL
50950,KUL
50988,KUL
50989,KUL
50990,KUL
51000,KUL
51100,KUL
51200,KUL
51700,KUL
51990,KUL
52000,KUL
52100,KUL
52200,KUL
53000,KUL
53100,KUL
53200,KUL
53300,KUL
53700,KUL
53800,KUL
53990,KUL
54000,KUL
54100,KUL
54200,KUL
55000,KUL
55100,KUL
55200,KUL
55300,KUL
55700,KUL
55710,KUL
55720,KUL
55900,KUL
55902,KUL
55904,KUL
55906,KUL
55908,KUL
55910,KUL
55912,KUL
55914,KUL
55916,KUL
55918,KUL
55920,KUL
55922,KUL
55924,KUL
55926,KUL
55928,KUL
55930,KUL
55932,KUL
55934,KUL
55990,KUL
56000,KUL
56100,KUL
57000,KUL
57100,KUL
57700,KUL
57990,KUL
58000,KUL
58100,KUL
58200,KUL
58700,KUL
58990,KUL
59000,KUL
59100,KUL
59200,KUL
59700,KUL
59800,KUL
59990,KUL
60000,KUL
62000,PJY
62007,PJY
62050,PJY
62100,PJY
62150,PJY
62200,PJY
62250,PJY
62300,PJY
62502,PJY
62504,PJY
62505,PJY
62506,PJY
62510,PJY
62512,PJY
62514,PJY
62516,PJY
62517,PJY
62518,PJY
62519,PJY
62520,PJY
62522,PJY
62524,PJY
62526,PJY
62527,PJY
62530,PJY
62532,PJY
62536,PJY
62540,PJY
62542,PJY
62546,PJY
62550,PJY
62551,PJY
62570,PJY
62574,PJY
62576,PJY
62582,PJY
62584,PJY
62590,PJY
62592,PJY
62596,PJY
62602,PJY
62604,PJY
62605,PJY
62606,PJY
62616,PJY
62618,PJY
62620,PJY
62623,PJY
62624,PJY
62628,PJY
62630,PJY
62632,PJY
62648,PJY
62652,PJY
62654,PJY
62662,PJY
62668,PJY
62670,PJY
62674,PJY
62675,PJY
62676,PJY
62677,PJY
62686,PJY
62692,PJY
62988,PJY
63000,SGR
63100,SGR
63200,SGR
63300,SGR
64000,SGR
68000,SGR
68100,SGR
69000,PHG
70000,NSN
70100,NSN
70200,NSN
70300,NSN
70400,NSN
70450,NSN
70500,NSN
70502,NSN
70503,NSN
70504,NSN
70505,NSN
70506,NSN
70508,NSN
70512,NSN
70516,NSN
70517,NSN
70518,NSN
70532,NSN
70534,NSN
70536,NSN
70540,NSN
70546,NSN
70548,NSN
70550,NSN
70551,NSN
70558,NSN
70560,NSN
70564,NSN
70570,NSN
70572,NSN
70576,NSN
70578,NSN
70582,NSN
70586,NSN
70590,NSN
70592,NSN
70594,NSN
70596,NSN
70600,NSN
70604,NSN
70606,NSN
70608,NSN
70609,NSN
70610,NSN
70620,NSN
70626,NSN
70628,NSN
70632,NSN
70634,NSN
70644,NSN
70646,NSN
70648,NSN
70658,NSN
70664,NSN
70670,NSN
70672,NSN
70673,NSN
70674,NSN
70676,NSN
70690,NSN
70700,NSN
70710,NSN
70720,NSN
70730,NSN
70740,NSN
70750,NSN
70990,NSN
71000,NSN
71007,NSN
71009,NSN
71010,NSN
71050,NSN
71059,NSN
71100,NSN
71109,NSN
71150,NSN
71159,NSN
71200,NSN
71209,NSN
71250,NSN
71259,NSN
71300,NSN
71309,NSN
71350,NSN
71359,NSN
71400,NSN
71409,NSN
71450,NSN
71459,NSN
71500,NSN
71509,NSN
71550,NSN
71559,NSN
71600,NSN
71609,NSN
71650,NSN
71659,NSN
71700,NSN
71707,NSN
71709,NSN
71750,NSN
71759,NSN
71760,NSN
71770,NSN
71800,NSN
71807,NSN
71809,NSN
71900,NSN
71907,NSN
71909,NSN
71950,NSN
71960,NSN
72000,NSN
72007,NSN
72009,NSN
72100,NSN
72107,NSN
72109,NSN
72120,NSN
72127,NSN
72129,NSN
72200,NSN
72207,NSN
72209,NSN
72300,NSN
72307,NSN
72309,NSN
72400,NSN
72409,NSN
72500,NSN
72507,NSN
72509,NSN
73000,NSN
73007,NSN
73009,NSN
73100,NSN
73109,NSN
73200,NSN
73207,NSN
73209,NSN
73300,NSN
73309,NSN
73400,NSN
73409,NSN
73420,NSN
73430,NSN
73440,NSN
73450,NSN
73460,NSN
73470,NSN
73480,NSN
73500,NSN
73507,NSN
73509,NSN
75000,MLK
75050,MLK
75100,MLK
75150,MLK
75200,MLK
75250,MLK
75260,MLK
75300,MLK
75350,MLK
75400,MLK
75450,MLK
75460,MLK
75500,MLK
75502,MLK
75503,MLK
75504,MLK
75505,MLK
75506,MLK
75508,MLK
75510,MLK
75512,MLK
75514,MLK
75516,MLK
75517,MLK
75518,MLK
75519,MLK
75532,MLK
75536,MLK
75538,MLK
75540,MLK
75542,MLK
75546,MLK
75550,MLK
75551,MLK
75552,MLK
75560,MLK
75564,MLK
75566,MLK
75570,MLK
75572,MLK
75576,MLK
75578,MLK
75582,MLK
75584,MLK
75586,MLK
75590,MLK
75592,MLK
75594,MLK
75596,MLK
75600,MLK
75604,MLK
75606,MLK
75608,MLK
75609,MLK
75610,MLK
75612,MLK
75618,MLK
75620,MLK
75622,MLK
75626,MLK
75628,MLK
75630,MLK
75632,MLK
75646,MLK
75648,MLK
75662,MLK
75670,MLK
75672,MLK
75673,MLK
75674,MLK
75676,MLK
75690,MLK
75700,MLK
75710,MLK
75720,MLK
75730,MLK
75740,MLK
75750,MLK
75760,MLK
75900,MLK
75902,MLK
75904,MLK
75906,MLK
75908,MLK
75910,MLK
75912,MLK
75914,MLK
75916,MLK
75918,MLK
75990,MLK
76100,MLK
76109,MLK
76200,MLK
76300,MLK
76400,MLK
76409,MLK
76450,MLK
77000,MLK
77007,MLK
77008,MLK
77009,MLK
77100,MLK
77109,MLK
77200,MLK
77300,MLK
77309,MLK
77400,MLK
77409,MLK
77500,MLK
78000,MLK
78009,MLK
78100,MLK
78200,MLK
78300,MLK
78307,MLK
78309,MLK
79000,JHR
79050,JHR
79100,JHR
79150,JHR
79200,JHR
79250,JHR
79502,JHR
79503,JHR
79504,JHR
79505,JHR
79511,JHR
79513,JHR
79514,JHR
79517,JHR
79518,JHR
79520,JHR
79521,JHR
79523,JHR
79532,JHR
79538,JHR
79540,JHR
79546,JHR
79548,JHR
79550,JHR
79552,JHR
79555,JHR
79570,JHR
79575,JHR
79576,JHR
79592,JHR
79601,JHR
79603,JHR
79605,JHR
79606,JHR
79612,JHR
79626,JHR
79630,JHR
79632,JHR
79646,JHR
79658,JHR
79660,JHR
79680,JHR
79681,JHR
79683,JHR
80000,JHR
80050,JHR
80100,JHR
80150,JHR
80200,JHR
80250,JHR
80300,JHR
80350,JHR
80400,JHR
80500,JHR
80506,JHR
80508,JHR
80516,JHR
80519,JHR
80534,JHR
80536,JHR
80542,JHR
80546,JHR
80558,JHR
80560,JHR
80564,JHR
80568,JHR
80578,JHR
80584,JHR
80586,JHR
80590,JHR
80592,JHR
80594,JHR
80596,JHR
80600,JHR
80604,JHR
80608,JHR
80620,JHR
80622,JHR
80628,JHR
80644,JHR
80648,JHR
80662,JHR
80664,JHR
80668,JHR
80670,JHR
80672,JHR
80673,JHR
80676,JHR
80700,JHR
80710,JHR
80720,JHR
80730,JHR
80900,JHR
80902,JHR
80904,JHR
80906,JHR
80908,JHR
80988,JHR
80990,JHR
81000,JHR
81030,JHR
81100,JHR
81200,JHR
81300,JHR
81310,JHR
81400,JHR
81440,JHR
81450,JHR
81500,JHR
81550,JHR
81600,JHR
81700,JHR
81750,JHR
81800,JHR
81850,JHR
81900,JHR
81920,JHR
81930,JHR
82000,JHR
82100,JHR
82200,JHR
82300,JHR
83000,JHR
83010,JHR
83100,JHR
83200,JHR
83300,JHR
83400,JHR
83500,JHR
83600,JHR
83700,JHR
84000,JHR
84150,JHR
84200,JHR
84300,JHR
84400,JHR
84500,JHR
84600,JHR
84700,JHR
84800,JHR
84900,JHR
85000,JHR
85010,JHR
85020,JHR
85100,JHR
85200,JHR
85300,JHR
85400,JHR
86000,JHR
86100,JHR
86200,JHR
86300,JHR
86400,JHR
86500,JHR
86600,JHR
86700,JHR
86800,JHR
86810,JHR
86900,JHR
87000,LBN
87010,LBN
87011,LBN
87012,LBN
87013,LBN
87014,LBN
87015,LBN
87016,LBN
87017,LBN
87018,LBN
87019,LBN
87020,LBN
87021,LBN
87022,LBN
87023,LBN
87024,LBN
87025,LBN
87026,LBN
87027,LBN
87028,LBN
87029,LBN
87030,LBN
87031,LBN
87032,LBN
87033,LBN
88000,SBH
88100,SBH
88200,SBH
88300,SBH
88400,SBH
88450,SBH
88460,SBH
88500,SBH
88502,SBH
88504,SBH
88505,SBH
88506,SBH
88508,SBH
88510,SBH
88512,SBH
88514,SBH
88516,SBH
88518,SBH
88520,SBH
88526,SBH
88527,SBH
88532,SBH
88534,SBH
88538,SBH
88540,SBH
88546,SBH
88550,SBH
88551,SBH
88552,SBH
88554,SBH
88556,SBH
88558,SBH
88560,SBH
88562,SBH
88564,SBH
88566,SBH
88568,SBH
88570,SBH
88572,SBH
88576,SBH
88580,SBH
88582,SBH
88586,SBH
88590,SBH
88592,SBH
88594,SBH
88596,SBH
88598,SBH
88600,SBH
88602,SBH
88604,SBH
88606,SBH
88608,SBH
88609,SBH
88610,SBH
88612,SBH
88614,SBH
88617,SBH
88618,SBH
88620,SBH
88621,SBH
88622,SBH
88624,SBH
88626,SBH
88628,SBH
88630,SBH
88632,SBH
88634,SBH
88644,SBH
88646,SBH
88648,SBH
88656,SBH
88658,SBH
88660,SBH
88661,SBH
88662,SBH
88670,SBH
88672,SBH
88673,SBH
88675,SBH
88676,SBH
88680,SBH
88690,SBH
88700,SBH
88721,SBH
88722,SBH
88723,SBH
88724,SBH
88725,SBH
88757,SBH
88758,SBH
88759,SBH
88760,SBH
88761,SBH
88762,SBH
88763,SBH
88764,SBH
88765,SBH
88766,SBH
88767,SBH
88768,SBH
88769,SBH
88770,SBH
88771,SBH
88772,SBH
88773,SBH
88774,SBH
88775,SBH
88776,SBH
88777,SBH
88778,SBH
88779,SBH
88780,SBH
88781,SBH
88782,SBH
88783,SBH
88784,SBH
88785,SBH
88786,SBH
88787,SBH
88788,SBH
88789,SBH
88790,SBH
88800,SBH
88801,SBH
88802,SBH
88803,SBH
88804,SBH
88805,SBH
88806,SBH
88807,SBH
88808,SBH
88809,SBH
88810,SBH
88811,SBH
88812,SBH
88813,SBH
88814,SBH
88815,SBH
88816,SBH
88817,SBH
88818,SBH
88819,SBH
88820,SBH
88821,SBH
88822,SBH
88823,SBH
88824,SBH
88825,SBH
88826,SBH
88827,SBH
88828,SBH
88829,SBH
88830,SBH
88831,SBH
88832,SBH
88833,SBH
88834,SBH
88835,SBH
88836,SBH
88837,SBH
88838,SBH
88839,SBH
88840,SBH
88841,SBH
88842,SBH
88843,SBH
88844,SBH
88845,SBH
88846,SBH
88847,SBH
88848,SBH
88849,SBH
88850,SBH
88851,SBH
88852,SBH
88853,SBH
88854,SBH
88855,SBH
88856,SBH
88857,SBH
88858,SBH
88860,SBH
88861,SBH
88862,SBH
88863,SBH
88865,SBH
88866,SBH
88867,SBH
88868,SBH
88869,SBH
88870,SBH
88871,SBH
88872,SBH
88873,SBH
88874,SBH
88875,SBH
88900,SBH
88901,SBH
88902,SBH
88903,SBH
88904,SBH
88905,SBH
88906,SBH
88988,SBH
88990,SBH
88991,SBH
88992,SBH
88993,SBH
88994,SBH
88995,SBH
88996,SBH
88997,SBH
88998,SBH
88999,SBH
89000,SBH
89007,SBH
89008,SBH
89009,SBH
89050,SBH
89057,SBH
89058,SBH
89059,SBH
89100,SBH
89107,SBH
89108,SBH
89109,SBH
89130,SBH
89137,SBH
89138,SBH
89139,SBH
89150,SBH
89157,SBH
89158,SBH
89159,SBH
89200,SBH
89207,SBH
89208,SBH
89209,SBH
89250,SBH
89257,SBH
89258,SBH
89259,SBH
89260,SBH
89300,SBH
89307,SBH
89308,SBH
89309,SBH
89320,SBH
89327,SBH
89328,SBH
89329,SBH
89330,SBH
89337,SBH
89338,SBH
89339,SBH
89500,SBH
89507,SBH
89508,SBH
89509,SBH
89600,SBH
89607,SBH
89608,SBH
89609,SBH
89650,SBH
89657,SBH
89658,SBH
89659,SBH
89700,SBH
89707,SBH
89708,SBH
89709,SBH
89720,SBH
89727,SBH
89728,SBH
89729,SBH
89740,SBH
89747,SBH
89748,SBH
89749,SBH
89760,SBH
89767,SBH
89768,SBH
89769,SBH
89800,SBH
89807,SBH
89808,SBH
89809,SBH
89850,SBH
89857,SBH
89858,SBH
89859,SBH
89900,SBH
89907,SBH
89908,SBH
89909,SBH
89950,SBH
89957,SBH
89958,SBH
89959,SBH
90000,SBH
90009,SBH
90100,SBH
90107,SBH
90109,SBH
90200,SBH
90300,SBH
90307,SBH
90400,SBH
90700,SBH
90701,SBH
90702,SBH
90703,SBH
90704,SBH
90705,SBH
90706,SBH
90707,SBH
90708,SBH
90709,SBH
90711,SBH
90712,SBH
90713,SBH
90714,SBH
90715,SBH
90716,SBH
90717,SBH
90718,SBH
90719,SBH
90720,SBH
90721,SBH
90722,SBH
90723,SBH
90724,SBH
90725,SBH
90726,SBH
90727,SBH
90728,SBH
90729,SBH
90730,SBH
90731,SBH
90732,SBH
90733,SBH
90734,SBH
90735,SBH
90736,SBH
90737,SBH
90738,SBH
90739,SBH
90740,SBH
90741,SBH
91000,SBH
91007,SBH
91008,SBH
91009,SBH
91010,SBH
91011,SBH
91012,SBH
91013,SBH
91014,SBH
91015,SBH
91016,SBH
91017,SBH
91018,SBH
91019,SBH
91020,SBH
91021,SBH
91022,SBH
91023,SBH
91024,SBH
91025,SBH
91026,SBH
91027,SBH
91028,SBH
91029,SBH
91030,SBH
91031,SBH
91032,SBH
91033,SBH
91034,SBH
91035,SBH
91100,SBH
91109,SBH
91110,SBH
91111,SBH
91112,SBH
91113,SBH
91114,SBH
91115,SBH
91116,SBH
91117,SBH
91118,SBH
91119,SBH
91120,SBH
91121,SBH
91122,SBH
91123,SBH
91124,SBH
91125,SBH
91126,SBH
91127,SBH
91128,SBH
91150,SBH
91200,SBH
91207,SBH
91209,SBH
91300,SBH
91307,SBH
91308,SBH
91309,SBH
93000,SRW
93010,SRW
93050,SRW
93100,SRW
93150,SRW
93200,SRW
93250,SRW
93300,SRW
93350,SRW
93400,SRW
93450,SRW
93500,SRW
93502,SRW
93503,SRW
93504,SRW
93505,SRW
93506,SRW
93507,SRW
93508,SRW
93514,SRW
93516,SRW
93517,SRW
93518,SRW
93519,SRW
93520,SRW
93527,SRW
93529,SRW
93532,SRW
93540,SRW
93550,SRW
93551,SRW
93552,SRW
93554,SRW
93556,SRW
93558,SRW
93560,SRW
93564,SRW
93566,SRW
93570,SRW
93572,SRW
93576,SRW
93578,SRW
93582,SRW
93586,SRW
93590,SRW
93592,SRW
93594,SRW
93596,SRW
93600,SRW
93604,SRW
93606,SRW
93608,SRW
93609,SRW
93610,SRW
93612,SRW
93614,SRW
93618,SRW
93619,SRW
93620,SRW
93626,SRW
93628,SRW
93632,SRW
93634,SRW
93648,SRW
93658,SRW
93660,SRW
93661,SRW
93662,SRW
93670,SRW
93672,SRW
93677,SRW
93690,SRW
93694,SRW
93700,SRW
93702,SRW
93704,SRW
93706,SRW
93708,SRW
93710,SRW
93712,SRW
93714,SRW
93716,SRW
93718,SRW
93720,SRW
93722,SRW
93724,SRW
93726,SRW
93728,SRW
93730,SRW
93732,SRW
93734,SRW
93736,SRW
93738,SRW
93740,SRW
93742,SRW
93744,SRW
93746,SRW
93748,SRW
93750,SRW
93752,SRW
93754,SRW
93756,SRW
93758,SRW
93760,SRW
93762,SRW
93764,SRW
93900,SRW
93902,SRW
93904,SRW
93906,SRW
93908,SRW
93910,SRW
93912,SRW
93914,SRW
93916,SRW
93990,SRW
94000,SRW
94007,SRW
94009,SRW
94200,SRW
94300,SRW
94500,SRW
94507,SRW
94509,SRW
94600,SRW
94650,SRW
94700,SRW
94707,SRW
94709,SRW
94750,SRW
94760,SRW
94800,SRW
94807,SRW
94809,SRW
94850,SRW
94900,SRW
94950,SRW
95000,SRW
95007,SRW
95008,SRW
95009,SRW
95300,SRW
95400,SRW
95407,SRW
95409,SRW
95500,SRW
95600,SRW
95700,SRW
95707,SRW
95709,SRW
95800,SRW
95900,SRW
96000,SRW
96007,SRW
96008,SRW
96009,SRW
96100,SRW
96107,SRW
96108,SRW
96109,SRW
96150,SRW
96200,SRW
96250,SRW
96300,SRW
96307,SRW
96309,SRW
96350,SRW
96400,SRW
96410,SRW
96500,SRW
96507,SRW
96508,SRW
96509,SRW
96600,SRW
96700,SRW
96707,SRW
96709,SRW
96800,SRW
96807,SRW
96809,SRW
96850,SRW
96900,SRW
96950,SRW
97000,SRW
97007,SRW
97008,SRW
97009,SRW
97010,SRW
97011,SRW
97012,SRW
97013,SRW
97014,SRW
97015,SRW
97100,SRW
97200,SRW
97300,SRW
98000,SRW
98007,SRW
98008,SRW
98009,SRW
98050,SRW
98057,SRW
98058,SRW
98059,SRW
98100,SRW
98107,SRW
98109,SRW
98150,SRW
98157,SRW
98159,SRW
98200,SRW
98300,SRW
98700,SRW
98707,SRW
98708,SRW
98709,SRW
98750,SRW
98800,SRW
98850,SRW
98857,SRW
98859,SRW
